latitude,longitude,weight
62.524330321000093,5.375198828000066,30
63.290866667000046,5.297866667000108,30
66.398333333000096,12.653500000000122,2
66.605843209000170,13.072604299999966,6
67.802833333000194,14.329333333000079,35
68.142000000000166,14.026166667000041,8
68.100750000000062,14.459233332999986,12
68.719483333000142,17.051900000000103,30
70.111083333000124,21.105450000000189,10
70.123333333000119,21.201349999999991,8
70.181150000000059,21.117983333000097,12
70.183900000000051,21.111883333000037,30
70.081100000000049,21.062566666999999,20
70.462950000000035,21.531466667000075,20
70.391783333000035,21.779283333000080,10
70.370766667000112,21.857716667000091,5
70.370000000000005,21.863483333000090,16
70.465833333000091,21.975400000000093,10
70.367533333000154,21.869366667000179,40
71.122183333000123,26.166666667000186,10
71.067250000000172,26.304166667000118,1
71.066786363999995,26.318020918000059,9
71.055000000000007,26.297500000000127,10
70.952499999999986,26.021683333000112,10
71.094166667000195,27.186166667000123,20
71.197666667000192,26.690166667000085,30
70.059016667000151,29.623216667000122,15
70.382316667000111,31.438666667000064,40
70.781633333000173,29.964133333000177,1
70.774350000000197,28.253716667000049,40
70.969716667000171,26.186266667000041,8
70.756083333000049,23.757266667000181,5
70.364483333000180,21.897983333000013,51
70.387650000000065,21.819133332999968,12
70.608866667000086,21.544333333000111,24
70.676883333000148,21.700800000000072,20
70.699166667000043,21.798116667000102,30
70.114616667000064,21.384150000000147,15
70.046766667000156,20.132700000000170,40
69.979883333000089,16.772500000000150,8
70.597166667000181,17.160166667000055,5
69.680000000000064,15.899666667000190,51
69.695000000000164,15.901666667000086,3
69.427016667000089,15.769166667000150,12
69.414000000000158,15.701166667000052,7
69.358666667000136,15.864333333000047,25
69.346398259000068,15.825384094000128,4
69.333844353000188,15.791331355000125,15
69.330934228000160,15.763295547000041,15
69.339277841000126,15.806306292999977,23
69.330317470000125,15.774015520000148,30
69.238000000000056,14.819833333000133,50
69.146511953000186,14.264243662000183,6
68.720333333000099,12.578833333000091,30
68.640166667000187,12.112166667000054,48
68.646578512000190,12.127924345000167,10
68.644233333000045,12.036733333000029,20
68.539333333000002,11.570000000000107,30
68.523704688000180,11.564046146000067,5
67.542000000000144,9.338833332999968,1
67.393500000000074,8.990500000000054,1
67.545800917000122,9.341446085000143,10
67.547760793000123,9.353927717000090,10
67.333538666000038,8.784309778000079,13
71.017333333000181,26.680900000000122,24
70.684183333000192,30.770266667000044,20
70.958326837000129,25.913943785000185,30
69.471433332999993,15.641666666999981,15
58.07401,8.03338,1
58.04717,7.73779,1
58.12019,8.06995,1
58.05222,7.72338,1
58.12929,8.04194,1
58.11073,8.17652,1
58.06649,7.88684,2
59.2411,10.47687,2
58.02554,7.29858,2
58.02423,7.30238,2
58.23325,8.3969,1
58.00293,7.44297,1
58.98257,5.73451,1
58.9825,5.73535,3
58.95331,5.84193,1
57.98396,7.54228,1
58.22024,8.39339,1
60.16843,5.1907,1
58.09557,8.0058,1
58.10595,8.09248,1
58.10426,8.09539,1
60.53264,5.26324,15
57.98154,7.6002,1
58.00727,7.39502,1
58.00717,7.39761,1
58.09397,8.00697,1
58.05508,8.01623,1
58.00764,7.39381,1
57.98148,7.59931,1
58.00765,7.39427,1
58.00752,7.39481,1
58.0075,7.39542,1
58.00744,7.39612,1
58.00741,7.39688,1
57.99931,7.54249,1
58.04844,7.78132,28
58.00592,7.50246,1
59.24828,5.85329,1
58.07667,8.01343,1
57.9808,7.60393,1
58.03234,7.22129,1
58.22416,8.38994,1
58.41815,8.78049,1
57.9797,7.60603,1
58.00035,7.3563,1
58.07653,8.01142,1
58.12065,7.04715,1
58.0782,8.01188,1
57.99056,7.5514,1
58.05572,7.85451,1
60.42136,5.08762,32
58.30721,8.58283,8
58.08037,7.97223,10
58.09455,7.99454,5
58.06251,8.02018,11
58.43679,8.80403,55
59.6747,10.56643,3
58.41638,6.00503,1
58.00706,7.7222,1
58.09356,7.97861,2
58.07404,8.00774,5
58.00145,7.62514,56
58.43113,8.79902,3
58.42924,8.80032,12
58.09557,7.98634,13
58.09648,7.98674,13
58.07963,8.00516,5
58.07877,8.0085,5
58.04179,7.67336,1
58.98334,10.20856,1
58.05644,7.79927,1
58.0744,8.03388,1
58.07544,8.03285,1
58.01091,7.43759,1
58.01108,7.4377,1
58.011,7.43776,1
58.05647,7.79925,1
58.06683,7.85483,1
58.06651,7.85373,1
58.04203,7.67203,1
58.10795,8.09388,1
59.42544,5.23936,1
63.43247,9.09129,1
63.4312,9.08953,1
58.00496,7.44186,1
58.10623,8.15646,1
58.11499,8.16796,1
58.11612,8.16334,1
57.9859,7.56611,1
57.98622,7.56454,1
57.98662,7.5662,1
58.08218,6.82474,1
58.05638,7.79833,1
58.0563,7.79847,1
58.05661,7.80068,1
58.11454,8.16354,1
58.07684,8.01339,1
58.05633,7.79912,1
58.05625,7.79816,1
58.0567,7.80309,1
58.33613,8.597,1
58.09454,6.80638,1
58.06457,8.03128,1
58.11112,8.05467,1
58.11048,7.99653,1
58.11005,7.99531,1
58.11117,7.99296,1
58.07538,8.0338,1
58.01024,7.4375,1
58.0042,7.44251,1
58.08143,6.83319,1
58.52164,8.94205,1
58.52232,8.94214,1
58.12,8.06871,1
58.05068,7.72603,1
58.11046,8.05467,1
58.0673,8.03222,1
58.06652,7.88765,2
58.06628,7.88835,2
58.41977,8.77117,5
58.50948,8.92345,5
58.41801,8.7816,5
58.51496,8.92356,29
58.09203,8.01183,4
58.02062,7.72331,9
58.04933,7.77807,40
58.04878,7.7749,40
58.4737,8.82652,28
58.48652,8.85241,9
58.49955,8.88969,3
58.393,8.72919,12
61.06968,5.07719,5
58.04787,7.86865,28
57.99463,7.09275,55
58.10697,6.85301,23
58.40052,8.78898,9
58.40477,5.99131,3
59.88974,10.63427,1
60.55987,5.22552,1
61.59458,4.96733,1
58.05703,7.78052,1
57.98183,7.59968,1
57.98187,7.6004,1
58.0268,7.69388,1
60.31738,5.21202,1
58.05814,7.77725,42
58.07665,7.96926,60
58.04886,7.77061,5
58.04945,7.7697,5
58.07247,7.69446,44
58.11451,8.10836,7
58.1737,8.30175,9
58.07573,8.01428,14
58.45767,8.77806,10
58.084,8.03151,5
60.65561,4.9092,5
58.14301,8.04061,8
58.06839,8.01761,49
60.36521,6.16222,12
58.04661,7.74792,12
59.4053,5.2535,44
58.43426,8.79455,12
58.05282,7.75988,53
58.11539,8.05449,15
58.0884,8.02524,49
60.36642,6.26726,12
58.71803,9.24087,12
58.43669,8.8016,55
58.08343,7.98545,2
58.07988,7.94417,15
58.08615,7.9909,68
58.0865,7.9867,19
58.0861,7.98685,19
58.05957,7.74676,11
58.0286,7.70436,8
58.06448,7.76767,20
60.58214,5.39287,5
58.93427,9.6466,6
58.93837,9.6684,2
63.25038,8.14472,29
58.51808,8.9418,4
60.16695,5.19081,2
59.08665,5.45124,17
59.80296,5.74148,11
59.06841,10.25192,8
60.04444,5.44329,9
58.98033,5.92756,12
63.55425,9.36864,7
58.97133,5.97063,4
58.92505,5.57096,2
60.17849,5.11531,3
61.55865,4.97934,4
58.7311,9.28231,73
60.3096,4.96951,2
58.92752,9.61507,1
58.83655,9.47857,1
62.39182,6.41119,27
58.95378,9.65986,4
58.90757,9.60426,52
59.72481,5.30304,1
60.32748,5.15339,2
70.87005,27.50583,14
68.92268,16.33771,4
58.09668,8.09254,3
60.64965,5.12496,4
59.35089,5.309,2
60.1665,5.30541,3
58.19713,6.61987,6
70.24181,19.3174,4
59.27497,5.32926,80
59.79822,5.33047,25
60.72463,4.85538,20
61.22159,7.10647,24
62.38896,5.80671,13
60.06326,5.23252,6
69.24727,16.13958,100
58.07564,6.83046,2
68.45279,17.51696,4
62.8349,7.10779,4
58.07894,8.01087,22
58.0787,8.0083,22
58.07924,8.00703,22
58.07743,8.01254,46
58.07715,8.01242,46
58.07691,8.01329,46
58.2663,8.51311,2
58.07451,8.00664,5
58.07864,8.00908,5
58.51865,8.9485,61
58.0727,8.00885,5
58.41885,5.99385,27
58.57725,9.04573,59
58.08321,7.98532,2
58.0722,7.87333,2
58.08428,8.03371,5
58.4333,8.79528,12
58.09061,8.02861,49
58.5123,8.93936,7
58.33423,8.60142,55
58.50643,8.91783,2
58.12975,8.09139,4
60.17654,5.11586,6
59.51757,5.47148,60
58.92643,9.63071,3
59.74499,5.97832,28
62.95542,7.46961,32
58.92623,9.64303,18
60.13074,5.41896,1
63.44406,8.58029,12
61.44683,5.53245,11
66.67782,13.3282,10
63.34891,10.03041,10
63.40982,8.40019,14
60.33687,5.17562,5
59.56005,5.27206,23
60.54085,5.27723,8
58.61055,9.04542,81
60.35443,5.68578,17
59.41656,10.59186,30
68.17601,15.70646,9
60.48764,4.92279,15
68.2187,14.82651,15
59.03967,9.76414,11
59.01508,6.02586,30
70.05751,29.8077,63
58.02506,7.45223,4
58.00844,7.19288,9
58.00847,7.19323,9
59.24784,10.47237,3
63.46512,10.39569,58
59.3689,5.20956,1
58.10685,8.09738,1
58.10784,8.09704,1
58.00416,7.4398,1
58.22744,8.39604,1
58.10671,8.09672,1
58.10399,8.09698,1
58.05539,7.81654,1
58.05045,7.72921,1
60.43369,5.07295,1
58.11232,8.05274,1
58.1124,8.05249,1
58.112,8.05314,1
58.06772,6.81955,1
58.06716,6.82099,1
60.58921,4.785,1
58.30652,8.54963,1
58.01229,7.36991,1
58.00506,7.37645,1
60.3833,6.71308,1
57.9937,7.36897,1
60.12012,5.16596,1
58.23345,8.39996,1
58.18856,8.3404,1
58.02552,7.29914,1
58.02618,7.31179,2
58.48206,8.92698,3
58.49259,8.87041,8
58.07188,7.87364,2
58.84912,6.19995,19
60.96795,5.12295,14
58.07124,8.05145,12
58.04937,7.78076,40
58.10963,8.11029,48
58.11596,8.05479,15
58.50277,8.89548,11
58.08693,8.0273,14
58.08331,7.9575,46
58.08307,7.98399,2
58.08559,7.98781,19
58.11183,8.16699,30
58.05058,7.78299,3
58.09588,8.03628,8
58.05046,7.7843,3
58.03712,7.15537,16
58.13037,8.01399,13
58.05045,7.76136,53
58.42763,8.79342,9
58.08416,8.03455,5
58.10538,8.06398,2
58.13486,8.05753,24
57.99245,7.08827,2
57.99243,7.0884,2
57.99255,7.08839,2
57.99244,7.08849,2
58.11509,8.06075,2
58.02516,6.99935,4
58.02509,6.99893,4
58.02714,7.00261,5
58.0503,7.7989,6
58.1463,8.03832,8
58.14681,8.03913,8
58.06136,7.78784,1
58.29566,8.56128,6
58.98584,5.77159,13
58.04594,7.83103,7
58.06956,8.01876,1
58.06156,7.79394,1
58.11273,8.00076,9
58.11307,7.99418,9
58.01947,7.81253,5
58.05518,7.80874,7
59.27407,5.82671,2
58.09475,7.98996,34
58.09489,7.9885,68
58.03422,7.68934,67
58.09072,6.8071,1
58.0389,7.70224,11
58.06913,7.87974,8
58.09535,7.99143,68
58.06956,8.01981,1
58.12856,8.01012,2
58.0912,6.81453,1
58.41378,8.75273,12
58.08309,6.80562,6
58.06344,6.82202,1
58.09362,6.81438,1
58.09014,6.81252,1
58.06392,7.87122,3
58.04268,7.72504,42
58.02705,7.79178,10
58.04484,7.70435,2
58.1072,7.04623,7
58.53774,8.99271,11
58.53672,8.99394,11
59.53763,10.55778,5
58.10826,8.11943,4
58.10838,8.11481,4
58.00185,7.61674,7
58.45929,8.77329,2
58.28507,8.58291,18
58.05394,7.86243,1
60.46217,5.06454,2
58.08845,6.80862,1
58.02336,7.73662,7
61.18456,6.81457,12
58.02863,7.77292,30
58.07584,7.92151,10
58.42195,8.77936,2
58.09385,7.98758,34
58.05629,7.74462,7
58.0795,7.925,8
58.07213,6.83552,4
58.50922,8.94871,5
58.03665,7.76242,3
58.10692,8.08876,8
58.07582,8.04759,3
58.07047,7.79851,2
58.05873,7.78116,4
58.12022,8.06833,2
58.43992,8.78125,2
58.08043,7.93212,7
60.43409,5.08594,8
58.05747,7.73668,1
58.04484,7.78595,8
58.04027,7.78354,8
58.45974,8.79557,5
58.06668,7.79504,2
58.11333,8.06158,2
58.10985,8.06191,1
58.10485,8.06858,1
58.10915,8.06525,1
59.01157,9.77149,1
60.20583,5.05019,1
60.15321,5.15635,1
59.00051,9.79101,1
58.04675,7.8068,1
58.05957,7.75822,1
58.07801,6.82576,1
58.07712,8.01227,1
58.05817,7.78008,4
58.54596,8.98937,6
60.45617,5.03264,8
58.42389,8.78663,5
58.44082,8.78566,87
58.52562,8.93664,15
58.13474,8.05206,32
58.43592,8.78654,34
58.10906,8.11223,4
58.43012,8.77377,5
58.08918,6.81223,1
58.14403,8.03605,8
58.2941,8.55559,6
58.93614,6.10441,26
58.00177,7.72216,3
58.07801,6.83268,1
58.11273,7.99604,9
58.04535,7.70423,2
58.10866,8.11833,1
58.1179,8.0743,2
58.0834,6.80325,6
58.14432,8.03957,8
59.86832,10.74683,2
58.08067,7.9257,8
58.52137,8.9805,1
58.10966,8.11458,4
58.10922,8.09341,8
58.60872,9.07053,15
58.05799,7.76198,18
58.42453,8.81802,7
58.33546,8.6345,4
58.12835,8.04461,2
60.47936,5.04089,3
58.05836,7.78856,2
58.08252,7.98744,4
58.00871,7.7235,3
58.24772,8.45876,4
58.05034,7.78379,3
58.07534,7.93102,119
58.05965,7.79823,48
58.07012,8.0184,1
58.06167,7.79321,1
58.04258,7.77493,12
58.11694,8.00894,3
58.43912,8.78508,87
58.0885,6.82835,3
58.1443,8.04317,8
58.04928,7.78307,3
58.13122,8.01548,13
60.36941,6.26064,6
58.47538,8.83046,28
60.36955,6.26033,12
60.36985,6.25946,12
60.36961,6.25919,12
60.37081,6.25738,12
58.06503,8.03007,19
58.48786,8.85678,9
58.06711,7.93259,19
58.0776,8.01261,46
58.71884,9.25887,12
59.04681,5.40694,56
60.13431,5.39408,16
57.98807,7.60265,23
58.10797,7.04734,15
58.43168,8.77851,41
58.03878,7.20016,11
58.00183,7.33574,21
57.99695,7.4226,16
58.00239,7.61954,20
58.03042,7.32711,3
58.00272,7.48224,2
58.00634,7.60698,1
58.00279,7.48225,2
58.10011,7.03614,15
57.99199,7.39036,6
64.51596,10.75858,59
57.9812,7.49977,17
58.09702,7.03254,15
58.10666,7.04599,15
60.3141,4.94938,43
58.8373,6.17188,46
59.48113,10.39657,62
58.00864,7.19376,13
58.01356,7.19437,15
58.01337,7.19403,15
58.01773,7.35601,1
58.08902,8.03327,12
58.00132,7.60964,3
58.83846,6.18236,92
58.02077,7.47713,5
58.07049,7.86535,3
58.05737,7.78109,4
58.23371,8.4232,18
58.04879,6.95363,5
58.10274,8.08542,1
58.10568,7.999,9
58.06191,7.78697,1
58.06096,7.79321,1
58.07203,6.83427,4
59.01434,10.08437,7
59.01452,10.08405,7
59.00063,9.78002,4
58.00242,7.40359,2
58.00273,7.40228,2
58.06103,7.75628,74
58.06307,7.79429,1
58.10675,8.08314,1
58.10337,8.08667,1
65.05441,11.74213,4
58.08765,7.98596,4
58.08035,8.05847,4
58.08801,7.98438,12
58.05315,7.78438,58
57.9944,7.09297,55
58.16466,8.31438,14
58.16551,8.31615,14
58.95738,6.16228,13
58.07302,7.94851,24
58.10454,8.06243,2
59.39808,5.62627,10
58.10408,8.1322,44
57.99332,7.34908,18
58.09516,8.01914,4
58.00816,7.47041,3
58.0082,7.471,3
58.00847,7.46898,3
57.98351,7.54316,37
57.98729,7.55508,9
58.08954,8.09849,4
58.34002,8.60084,4
59.08228,5.78658,62
59.08783,5.78436,62
57.99447,7.39712,5
59.12489,5.92608,91
59.03234,5.65342,52
58.23298,8.3995,11
58.03428,7.14774,16
58.47446,8.82943,28
58.47429,8.82845,28
58.27318,8.53749,53
58.11335,7.05659,35
58.08917,8.0977,4
58.43417,8.79498,12
58.47904,8.92315,3
58.06643,7.93518,19
58.10476,8.06204,2
58.03222,7.69971,8
58.12516,8.05962,6
60.9384,4.95493,5
58.2648,8.51112,2
58.09543,7.98159,2
58.13502,8.05644,24
59.03244,5.65424,52
57.99708,7.10729,55
58.47443,8.82883,28
58.06578,7.86126,18
58.11569,8.05365,15
59.41798,5.22187,3
58.42683,8.78759,9
58.07621,8.0141,14
58.13995,8.0407,8
58.72752,9.24429,12
60.36544,6.26695,12
58.09403,7.98005,8
58.09474,8.02143,35
58.1334,8.06724,3
58.13346,8.06702,3
60.46213,5.0459,48
58.08597,7.98765,19
58.0869,7.98541,19
58.05269,7.76143,53
58.02071,7.72295,9
58.06875,7.75743,7
58.14459,8.04094,8
58.05311,7.78495,3
58.0386,7.1554,16
59.39933,5.62642,10
58.2256,8.3845,20
58.09469,8.12599,18
58.0908,8.12485,18
58.00889,7.46881,3
58.00866,7.47206,3
57.99771,7.49701,26
57.99704,7.49586,26
58.02936,7.20851,40
58.02879,7.20703,40
58.02845,7.20575,40
58.45739,8.76652,5
58.45139,8.77343,11
59.05936,10.25909,2
58.01903,7.47931,12
60.37912,4.94649,2
58.13458,8.05966,24
58.13589,8.05651,24
58.13446,8.05832,24
58.02946,7.70383,8
58.11411,8.10797,7
58.12987,8.00647,22
58.2648,8.51182,2
58.26469,8.51222,2
58.0324,7.15029,16
58.0348,7.15269,16
58.02754,7.74036,23
58.01233,7.48716,103
58.11243,8.09987,29
60.43595,4.94459,10
58.07978,7.97347,3
58.02201,7.46032,12
58.01895,7.48024,12
60.37873,6.27236,12
60.37896,6.27768,12
58.06143,8.02727,19
58.02582,7.74086,23
58.02638,7.73961,23
58.0587,7.77562,42
58.04845,7.78085,40
58.10388,8.13406,44
58.10437,8.13822,44
58.10444,8.13449,44
58.47346,8.82656,28
58.08803,8.02592,49
58.45708,8.77811,10
58.4363,8.80823,55
58.04936,7.78295,3
58.08994,8.01286,4
58.09341,8.01367,4
58.05022,7.76763,5
58.13448,8.01304,13
58.07134,7.69523,44
58.10415,8.13908,44
58.10546,8.13522,44
58.04888,7.7803,40
58.04902,7.78069,40
58.52245,8.96356,12
58.4299,8.79323,9
58.42773,8.79341,9
58.08478,7.98933,10
58.072,7.92999,76
58.06204,8.02158,11
58.48136,8.92515,3
58.14179,8.04088,8
60.36431,6.27121,12
60.3698,6.25622,12
58.05764,7.77612,9
58.09195,8.02118,35
58.09451,8.02372,35
58.08213,7.95709,46
58.069,7.93553,19
58.07681,8.01273,46
58.00967,7.60037,78
59.00053,9.77986,4
58.99879,9.7796,4
58.46279,8.7862,7
58.07773,8.04783,3
58.10494,7.99704,9
59.41876,5.23831,2
58.06269,7.7874,1
58.04252,7.84262,5
58.10831,8.1213,4
58.11237,8.094,8
58.05648,7.7452,7
58.02451,7.73983,7
58.10805,8.12426,1
57.99948,7.44423,11
58.13812,8.04224,5
58.08984,6.80742,13
58.05334,7.76384,39
58.11818,8.0751,2
58.04301,7.73095,42
58.06617,7.88586,2
58.52204,8.98691,1
58.52224,8.98724,1
58.43456,8.78238,6
58.42995,8.77949,6
58.43438,8.78367,6
58.09545,7.9905,68
58.09545,7.9921,34
58.12979,8.04301,2
58.07278,8.04396,1
58.01642,7.67946,3
58.33328,8.63879,4
58.33367,8.63816,4
58.33472,8.63789,4
58.33409,8.63906,4
58.06631,7.88896,2
58.05143,7.81275,3
58.06734,7.96169,2
58.12843,8.01445,2
59.52102,10.61192,12
58.1135,8.08174,1
58.11133,8.08474,5
58.00731,7.73835,54
58.0961,7.98881,136
58.03917,7.70193,11
58.29328,8.55774,6
58.03937,7.70127,11
58.09654,7.99276,34
58.09619,7.99156,34
58.08277,6.79857,5
58.04008,7.70258,11
59.51088,7.47925,4
58.12878,8.046,2
57.98342,7.60253,56
57.98287,7.60306,56
57.98237,7.60386,56
58.03867,7.15497,1
60.40027,5.04941,1
58.42225,8.79494,7
57.99746,7.42526,2
58.13982,8.03481,5
58.06592,7.78854,34
58.0593,7.73901,1
58.05811,7.78605,4
58.32282,8.5796,53
58.12397,8.04778,2
58.06437,7.79467,1
58.05107,7.82383,1
58.05346,7.84374,6
58.05214,7.83705,6
58.05555,7.84639,6
58.0843,7.99292,7
58.06379,8.01456,5
58.19383,8.36275,13
58.05227,7.76277,39
58.43207,8.78089,6
58.04755,7.78263,27
58.07566,7.91767,8
59.98691,6.0039,8
58.33028,8.58986,2
58.04757,7.7822,27
58.04794,7.77959,27
58.04172,7.83796,5
58.08831,8.10025,4
58.0976,7.9901,34
58.0964,7.99076,34
58.0976,7.99396,34
58.0895,6.81328,1
58.11023,8.11316,4
58.04492,7.786,8
58.07803,7.92642,5
60.45639,5.03265,8
58.33451,8.63853,4
58.56521,9.00388,7
58.07681,7.80146,8
58.07251,8.02649,1
58.07396,8.02185,1
58.07437,8.02221,1
58.07525,8.02116,1
58.07314,8.02351,1
58.07297,8.02355,1
58.06402,8.01422,5
58.06407,8.01457,5
57.97965,7.56145,46
57.97958,7.56104,46
58.01814,7.36063,3
58.27446,6.65223,2
58.11197,7.99503,15
58.0281,6.99084,6
58.02799,6.99002,6
58.02738,6.9914,6
58.02812,6.99266,6
58.00159,7.62493,112
59.03639,10.23277,10
58.06063,8.0104,7
58.05948,8.01112,7
58.08462,8.03051,14
58.07987,7.9747,3
58.02602,7.14222,11
60.37214,6.14702,12
60.36954,6.25749,12
60.37361,6.26025,12
60.3736,6.2633,12
58.09392,7.99714,35
58.07425,8.00627,5
58.06194,8.00733,7
58.06307,8.00855,7
58.06488,8.00986,7
60.46497,5.04455,19
58.50614,8.91641,2
58.06438,8.01392,7
58.07401,8.00639,5
58.06596,8.01125,7
58.01677,7.42875,6
58.00836,7.48314,16
60.08032,5.19808,3
57.99285,7.3516,1
57.99351,7.3492,1
58.02428,7.26617,3
57.96958,7.50165,17
58.01158,7.48217,3
58.01135,7.48313,3
58.10887,8.11716,4
58.10773,7.99482,70
58.30056,8.58144,5
58.02527,7.17528,8
57.9846,7.61301,110
58.00896,7.49004,55
58.00868,7.48843,55
58.43408,8.78168,6
58.09293,6.8139,1
58.06063,7.75534,74
58.06355,7.87303,3
58.06315,7.86963,3
58.42236,8.79516,7
58.03919,7.76304,3
58.04089,7.76371,3
58.06318,7.87069,3
58.06324,7.87551,3
58.06191,7.86901,3
58.1411,8.05205,32
58.04276,7.72545,42
57.99172,7.33052,5
58.60803,9.07287,15
58.06216,7.79358,1
58.02693,6.99057,6
58.02734,6.99147,6
58.02747,6.99146,6
58.02826,6.99004,6
58.12376,8.24033,3
58.14136,8.01726,2
58.14136,8.01731,2
58.14185,8.02002,2
58.14116,8.02002,2
58.10914,8.19287,5
58.10839,8.19116,5
58.10773,8.19436,5
58.10971,8.19395,5
58.111,8.19675,5
58.12066,7.04725,7
58.0249,7.27161,3
58.06025,7.86735,7
57.99133,7.49435,12
57.99101,7.49502,11
58.01723,7.37384,6
58.01837,7.48436,4
58.01802,7.48441,4
58.14166,8.02387,80
58.6342,9.15261,5
58.06976,8.03334,2
58.0173,7.37331,6
58.07079,8.04351,1
58.04256,7.72604,42
58.01947,7.81926,5
57.99827,7.21153,6
59.87202,10.75071,2
58.08398,8.09913,4
58.12052,8.05796,1
58.0095,7.62554,2
58.43983,8.78299,2
58.43829,8.78353,2
58.14141,8.02098,2
58.14164,8.02124,2
58.11141,8.19336,5
58.07678,8.06332,3
58.54124,8.98849,10
58.54077,8.98897,10
58.13598,8.05196,32
58.53764,8.99162,11
58.07462,8.0234,1
60.42266,6.23155,5
58.05701,7.7812,4
58.04857,7.72105,56
58.05724,7.76178,18
58.08155,7.92345,8
58.06965,7.76963,2
58.51256,8.94156,9
58.01525,7.6803,3
59.65681,10.60459,4
58.10727,7.99436,15
58.05206,7.81177,3
58.12662,8.04473,2
58.29353,8.55292,6
58.33298,8.60036,2
58.0848,6.8128,6
58.06881,7.8822,8
58.07018,7.87311,8
58.05634,7.74087,1
58.06313,7.79438,1
58.06433,7.79464,1
58.06443,7.79532,1
58.10847,8.12612,1
58.04112,7.70073,11
58.00355,7.43838,5
58.00427,7.43818,5
59.72226,10.56109,4
58.98094,5.74322,20
58.04704,7.81562,8
58.13693,8.05271,32
58.13494,8.04964,32
58.33681,8.59635,6
58.10821,7.99762,15
58.08701,7.93697,7
58.08445,6.81041,6
58.05005,7.78331,3
58.09005,6.82529,3
58.03714,7.15442,16
58.07487,7.93209,119
58.06504,7.79643,1
58.04243,7.70183,11
58.05641,7.79293,8
58.06922,7.88191,8
58.0788,7.9862,1
58.12041,8.05668,2
58.05899,7.79841,48
58.04342,7.66406,2
58.05233,7.76268,39
58.00892,7.62562,2
58.11659,8.07598,2
58.02701,7.2372,6
58.02964,7.23363,6
58.41944,8.77228,60
58.04679,7.75609,15
58.33891,8.62272,18
58.04731,7.76518,30
60.36855,6.26783,29
58.02425,7.24965,9
58.03056,7.15014,58
58.00884,7.62317,68
58.08526,7.99221,57
57.98893,7.555,55
57.98869,7.555,55
58.98182,5.81852,15
58.00514,7.34241,21
59.00279,5.70943,103
59.0029,5.70944,103
58.06092,8.00815,7
58.61462,9.03617,44
60.0815,5.43984,11
58.09348,7.99319,5
58.07816,8.09126,4
58.01904,7.67304,3
58.10449,8.14294,1
58.08187,8.045,3
58.12833,8.01178,2
58.04573,7.70004,2
58.52073,8.98309,1
58.00148,7.61746,35
58.03907,7.78221,8
58.46067,8.77451,2
58.3331,8.66506,6
58.05256,7.76346,39
58.14426,8.03604,8
58.07386,8.04295,1
58.60896,9.07556,15
58.07239,8.04475,1
58.12001,8.07336,2
58.05498,7.86174,1
58.07069,8.04206,1
58.12918,8.04575,2
58.33374,8.64554,4
58.05792,7.78839,4
58.08226,7.92576,8
58.07018,6.83629,4
58.05529,6.97561,3
58.05156,7.81163,3
58.0515,7.81295,3
58.05036,7.71157,2
58.10765,7.99559,70
58.07433,8.00833,5
58.07838,7.97539,60
58.34075,8.59844,2
58.02289,7.76248,8
58.10401,8.13671,44
58.10452,8.13731,44
58.06231,8.01334,7
58.05928,8.0102,7
58.06,8.00928,7
58.05963,8.00992,7
58.04989,7.78331,3
58.04962,7.7825,3
58.11401,8.10606,7
58.0749,8.01719,14
58.08028,7.97484,10
61.09137,6.58882,6
61.17368,6.62882,6
61.0458,6.4261,5
58.07676,7.98727,11
58.08472,8.03129,14
58.07675,7.98762,14
58.07676,7.988,14
58.23131,8.41803,14
60.70569,4.88313,5
60.70587,4.88294,5
60.60543,4.94749,5
60.5904,4.94555,5
59.78547,5.5109,8
60.36843,6.26738,12
60.37008,6.25857,12
58.51203,8.93942,7
58.24743,8.45873,4
58.33499,8.60074,55
58.43639,8.79801,55
58.07906,8.00732,22
58.07947,8.00656,22
58.07532,7.92023,5
58.08386,6.80759,5
58.14247,8.02756,80
58.09019,7.93054,9
58.14555,8.03647,8
58.0575,7.79302,8
58.09556,7.9915,34
58.09513,7.98891,34
58.09544,7.991,34
59.41235,5.24367,2
58.06202,7.83279,2
58.06973,7.87577,8
58.10767,7.99884,15
60.53814,4.96721,8
58.05632,7.74428,7
58.05911,7.79596,48
58.12911,8.04496,2
58.9869,5.8067,3
58.00398,7.7397,3
57.98431,7.60182,56
58.52073,8.96174,12
58.00248,7.40444,2
58.0078,7.62886,25
58.0083,7.63312,75
57.99024,7.34979,2
58.10393,8.08206,1
58.00241,7.40671,2
58.03253,7.70098,15
58.04946,7.74937,11
58.00431,7.73126,3
59.57229,5.28662,6
58.05615,7.795,48
57.97769,7.55924,46
57.98364,7.59953,56
59.19748,10.55371,8
58.08597,8.0987,4
58.08644,8.0992,4
58.42292,8.79505,7
58.08914,8.04148,3
57.98521,7.56636,2
58.14308,8.04173,4
58.29473,8.55376,6
58.29405,8.55768,6
58.02732,6.9899,6
58.14219,8.03758,4
58.13768,8.04487,5
58.02485,7.27041,3
58.0244,7.27252,3
58.02448,7.2703,3
58.01571,7.46935,6
58.29807,6.66369,1
58.0803,7.93209,7
58.09027,6.80785,13
57.99983,7.38177,3
57.99966,7.38215,3
58.01844,7.48412,4
57.99534,7.35748,6
57.99541,7.35752,6
58.42809,8.77644,7
58.42796,8.77645,7
58.42774,8.77692,7
58.43026,8.775,7
58.08767,7.9359,7
58.43025,8.77396,5
58.06999,7.87808,2
58.10663,8.09018,8
58.09119,8.09003,5
58.04288,7.72539,42
58.12913,8.0437,2
58.07562,6.83046,2
57.99789,7.58643,1
57.99799,7.58704,1
57.99823,7.58688,1
57.99736,7.58829,1
58.05963,7.78074,4
58.09351,8.01771,35
58.09522,8.02385,35
58.09301,8.02218,35
58.08346,7.95801,46
58.08459,7.95507,46
58.0848,7.95495,46
60.4121,5.34089,13
58.06422,7.80335,3
58.04651,7.72346,5
59.14498,6.02317,35
58.07757,8.01247,46
58.37494,8.69642,6
58.07615,7.80705,2
58.07626,7.80556,2
58.10553,8.06264,2
58.52684,8.96685,19
58.08702,7.98813,19
58.04939,7.7823,3
58.07633,7.80684,2
58.20424,8.31064,8
58.04153,7.6993,7
60.36964,6.25551,6
58.12983,8.0913,3
58.08972,8.01543,4
58.07415,8.00627,5
58.05019,7.76793,5
58.05002,7.76783,5
58.04992,7.76664,5
57.9829,7.54581,37
57.9833,7.54524,37
57.98363,7.54449,37
57.98499,7.54774,37
57.98475,7.54576,37
58.02851,7.73677,23
58.01262,7.48673,103
57.99538,7.49563,26
57.99611,7.49534,26
57.99699,7.49644,26
58.02955,7.21024,40
58.08425,8.03267,5
58.02548,7.33647,3
58.01865,7.48081,12
60.37873,6.27177,12
60.37897,6.27595,12
58.43587,8.80881,55
58.09546,8.03658,8
58.09551,8.12812,18
58.04952,7.76814,5
58.05045,7.76619,5
58.12419,8.059,6
58.1242,8.0585,6
57.9833,7.54368,37
58.10443,8.13409,44
58.10346,8.14014,44
58.05016,7.78484,40
57.99938,7.61162,53
58.42855,8.79103,12
58.02576,7.14401,11
58.08765,8.02726,49
58.56951,8.99846,5
58.0892,7.97535,10
58.08945,7.97583,10
58.08936,7.97435,10
58.08814,7.97515,10
58.43677,8.80228,55
58.0818,7.95806,46
58.05396,7.76009,1
58.0672,7.93437,19
58.06248,8.00827,7
58.43059,8.80272,12
58.08329,7.98412,2
58.09648,7.98488,13
58.09606,7.98594,13
58.12976,8.09139,1
58.05121,7.76044,1
58.0937,7.98001,8
58.0554,7.76184,1
58.07683,8.01369,46
58.07654,8.01383,46
58.08569,7.98813,19
58.08553,7.98679,19
58.07477,8.01765,14
58.08336,7.98425,2
58.05206,7.76141,1
58.05024,7.78348,3
58.05001,7.78316,3
58.09669,7.98474,13
58.03738,7.156,16
58.06858,7.76153,7
58.42777,8.79356,9
58.04932,7.78181,3
58.04927,7.78227,3
58.4264,8.78942,9
58.06864,7.7575,27
58.01841,7.72016,54
58.04984,7.78356,3
58.08537,8.04806,4
58.0875,7.98288,8
58.08445,8.04794,4
58.07906,8.04988,4
58.08304,8.04694,4
58.08386,8.04263,4
58.07991,8.04875,4
60.93445,4.94451,5
60.45919,5.03272,2
58.05354,7.86432,9
57.98678,7.55629,9
57.99295,7.09636,71
58.11512,8.05208,15
60.47711,5.07435,1
58.42807,8.78767,9
60.36743,6.26307,12
60.37054,6.25148,12
58.22584,8.39828,7
58.02905,7.20775,40
58.03202,7.13721,11
60.37053,6.25221,12
58.07686,7.80435,1
58.08053,7.97363,10
58.04939,7.76596,5
58.11517,8.05859,15
57.9843,7.54319,1
58.04136,7.70037,7
58.40399,5.9882,9
58.02553,7.33685,3
58.12406,8.05854,6
58.08884,8.02682,49
58.05823,7.77897,42
58.14294,8.04741,8
58.11445,8.05232,15
58.05816,7.77888,34
58.01854,7.46988,34
63.45939,10.44239,18
62.57369,6.62019,11
62.38385,6.56637,6
60.43051,5.04861,2
59.98935,5.98603,15
60.15421,5.15195,13
60.20613,5.33603,15
59.02173,5.77006,36
60.60214,4.784,29
63.8722,9.78384,4
59.98026,6.00731,16
68.32187,16.17756,15
62.4561,6.12624,3
58.52341,8.95381,11
58.99215,9.79797,34
58.32764,8.62092,486
58.0744,8.024,6
58.07348,8.01106,12
58.07367,8.01098,6
57.99368,7.49547,5
57.99315,7.49558,5
59.8759,10.56337,3
59.884,10.54655,3
58.05976,8.00721,7
58.04591,7.75918,12
58.04555,7.75888,12
58.04537,7.75588,12
58.0448,7.75606,12
58.09163,7.99081,5
58.09129,7.9903,5
58.09073,7.99068,5
58.48252,8.84926,4
58.07548,8.02182,6
58.0727,8.00968,6
58.08558,7.99195,19
58.06056,7.77635,52
58.0621,7.77612,52
58.04631,7.76102,24
59.0136,5.83692,5
58.34541,8.68241,27
58.07969,8.00845,5
58.07889,8.00649,5
58.07912,8.00608,5
58.07487,8.01905,6
58.07436,8.01116,6
58.0852,7.99128,19
58.08776,7.99048,19
58.06096,7.80352,64
58.06051,8.00712,7
58.31284,8.61369,5
60.39253,5.22597,11
58.52549,8.93652,162
58.02086,7.80283,10
58.02184,7.80097,10
58.08267,8.09904,4
58.01881,7.67169,3
58.04611,7.83554,7
58.06904,7.89761,2
58.12155,8.06995,2
58.11965,8.06886,2
58.05142,7.81276,3
58.08612,8.03742,3
58.08225,8.03618,3
58.295,8.54997,6
58.33081,8.59102,2
58.33105,8.59192,2
58.04398,7.70101,2
58.04413,7.70299,2
58.05066,7.71028,2
58.12956,8.013,2
58.12893,8.009,2
58.04285,7.7834,8
58.0438,7.78371,8
58.12494,8.05149,2
58.08749,6.84434,3
58.07388,8.04368,2
58.07336,8.04296,2
58.06588,8.01374,5
58.05342,7.7646,39
58.05244,7.76372,39
58.06851,6.82575,41
58.07724,6.82548,41
58.0778,6.82569,41
58.4335,8.78219,6
58.10721,8.09328,8
58.00378,7.43438,14
58.09455,8.08923,5
58.06213,7.83856,2
58.06952,7.88482,2
58.05161,7.8111,3
58.08992,8.03685,3
58.3313,8.59697,2
58.33686,8.59964,2
58.04576,7.70238,2
58.04679,7.70363,2
58.12802,8.00883,2
58.32677,8.63516,4
58.12056,7.04956,1
58.41334,8.79215,50
58.07921,8.00806,5
58.07985,8.00898,5
58.07908,8.00724,5
58.07975,8.00767,5
58.07848,8.00822,5
58.08003,8.00726,5
58.07521,8.0218,6
58.0723,8.01767,6
58.07534,8.0238,6
58.07267,8.02135,12
58.0743,8.02015,7
59.00666,5.71876,6
58.5011,8.94078,16
58.41329,8.79229,50
58.07905,8.00998,5
58.07872,8.00909,5
58.07977,8.00982,5
58.07324,8.01969,6
58.07381,8.02156,6
58.07195,8.00877,6
58.07245,8.00974,6
58.07381,8.01886,6
58.07916,8.01013,5
58.07195,8.00876,18
62.79382,6.48276,2
59.13087,10.33025,18
66.04667,12.9297,43
57.9977,7.55799,59
60.35905,6.16365,29
58.96118,10.0453,53
65.98585,12.83361,7
58.02437,7.24963,9
58.02392,7.24994,9
63.09401,7.90237,9
60.64479,4.75292,9
59.10208,5.93041,4
59.0621,5.91118,8
59.06181,5.91191,8
59.06148,5.9122,8
59.06472,5.89481,8
59.06509,5.8946,8
59.06454,5.89334,8
57.99804,7.66494,29
58.20415,6.58259,19
58.20992,6.57316,19
58.04024,7.17182,6
58.0133,7.66275,9
58.01296,7.66289,9
58.0324,7.14886,9
58.0321,7.14906,9
59.39526,5.16679,54
58.01325,7.66309,9
59.4003,5.2144,39
58.006,7.39366,4
58.05909,7.80412,64
58.08956,7.99054,5
58.013,7.66505,9
58.0128,7.66528,9
58.08716,7.98963,19
57.99318,7.61605,33
58.04046,7.1687,3
58.08861,7.9907,5
59.39617,5.21916,39
58.41288,8.79293,50
58.4128,8.79319,50
58.00952,7.4674,3
58.00926,7.46697,3
59.44506,10.45573,66
58.03815,7.17007,3
58.99088,5.79482,9
58.43083,8.77436,43
59.34837,10.4772,6
60.33034,5.15417,4
58.51229,8.93641,14
58.41299,8.79308,50
58.50975,8.92733,3
58.07099,7.86537,3
58.83634,6.18015,3
58.06097,7.77636,52
58.05974,8.00773,7
57.99927,7.4134,10
58.0004,7.41104,10
58.01306,7.66334,9
58.06434,7.80349,3
58.07352,8.02034,6
58.07435,8.02325,6
58.07296,8.02171,6
58.07381,8.02231,6
58.94811,5.75007,2
58.07971,8.00811,5
58.07871,8.00737,5
58.07792,8.00912,5
58.07288,8.01921,6
58.07206,8.02281,6
58.07287,8.02162,12
58.04196,7.79104,2
58.049,7.77652,1
58.04023,7.7521,2
58.03737,7.74854,2
58.0175,7.80361,7
60.48509,6.65735,2
58.10989,8.11269,4
58.06974,7.87719,8
58.20699,8.39079,9
58.10065,6.80274,6
58.11114,8.09143,8
58.48255,8.92814,17
58.02523,7.17369,4
58.07356,8.044,1
58.05857,7.90289,56
58.01398,7.78867,1
58.98251,5.7354,20
59.67239,10.61897,5
58.01332,7.37899,10
58.1089,8.11534,3
58.09444,6.8083,13
57.99073,7.34884,2
58.07772,8.04801,3
58.07339,8.04532,3
59.98568,5.9597,6
57.99387,7.44006,4
58.46655,8.79565,3
58.4665,8.79763,3
59.80941,10.48686,15
58.00014,7.38159,3
58.00006,7.38172,3
57.99968,7.38196,3
57.9951,7.35752,6
59.04471,10.03901,53
58.10737,8.09333,8
58.52175,8.98026,1
58.33493,8.63746,4
59.39916,5.63122,13
58.43866,8.78378,2
58.12655,8.04607,2
58.12888,8.04749,2
58.10804,8.12303,1
58.07298,6.83329,4
58.09279,8.08982,5
58.09365,8.08845,5
58.09369,8.08957,5
58.02502,7.16995,4
58.02639,7.17024,4
58.06307,7.7718,4
58.07586,6.84462,78
58.06991,7.8712,8
58.04179,7.70161,11
58.00387,7.43793,5
58.33474,8.63806,4
58.07224,6.83382,4
58.00554,7.49309,2
58.09318,8.08835,5
58.07731,7.92543,8
58.0902,8.09068,5
58.08686,7.92601,9
58.02987,7.23333,6
58.02965,7.2335,6
58.04703,7.75458,15
58.41005,8.79075,18
58.05585,7.78096,1
63.66577,8.30604,4
59.6252,5.41459,5
60.78514,4.99817,59
61.13248,5.90051,10
60.67205,4.90116,5
63.41054,8.9128,9
58.06886,8.0423,5
58.00496,7.40257,3
58.00494,7.40225,3
58.00493,7.40245,3
68.359,16.12872,20
58.08771,6.79912,3
58.08754,6.80245,1
65.73567,12.33799,2
58.088,6.79955,3
58.06713,6.87074,4
58.10093,6.76489,2
58.10057,6.7615,2
58.10036,6.76326,2
58.00987,7.00254,2
59.1885,2.40453,2
58.00317,7.37422,7
58.00483,7.49695,15
58.0678,6.87135,2
62.87339,6.80988,4
61.78538,7.02718,3
58.20995,6.5731,19
58.20992,6.57298,19
57.99918,7.3037,2
58.00387,7.45059,1
58.00382,7.45054,1
58.0163,7.32793,3
60.11673,5.37057,37
62.40979,5.68184,3
62.40217,5.54329,3
58.06959,8.04267,5
58.14736,8.0389,8
58.19173,8.35585,1
58.04441,7.17721,8
58.08425,7.93703,7
58.50428,8.94563,5
58.42281,8.77884,7
58.14165,8.02381,80
58.02844,7.29855,2
58.02783,7.29857,2
58.14784,8.03937,8
58.37082,6.09312,5
58.42483,8.77793,7
58.9818,5.73735,3
59.01593,5.63766,47
58.01926,7.32465,15
58.08823,8.03276,18
57.99308,7.4098,3
58.41552,8.76979,5
59.48696,10.39763,3
58.95991,5.81742,1
58.18663,8.36172,2
58.2214,8.38564,3
58.98244,5.73627,1
58.04017,7.15267,4
58.98065,5.74286,58
58.98273,5.73705,4
58.2378,8.40257,2
58.13037,8.04164,2
58.12937,8.04484,2
58.42355,8.81318,2
58.02958,7.68968,4
57.98516,7.43242,10
58.0437,7.17805,8
58.04083,7.15295,4
58.18875,8.35231,3
58.42495,8.77834,7
59.0186,5.78617,2
58.19368,8.36341,13
58.97131,5.8572,4
58.97982,5.73732,1
58.9826,5.7346,2
58.31607,8.5806,3
58.10782,8.09028,8
58.03353,7.69083,4
58.04422,7.77796,3
58.04733,7.77704,3
60.3361,5.15817,58
58.10775,8.09051,8
58.01971,7.32399,15
58.02997,7.68885,4
58.29453,8.55237,18
60.78725,4.9425,5
58.31571,8.57962,3
58.32738,8.5941,3
59.00764,5.71782,43
58.10891,8.09076,8
59.26787,5.32832,2
58.96703,5.87978,2
58.07009,7.91841,1
58.03623,7.74747,2
58.03453,7.44538,9
58.01055,7.45922,80
58.00953,7.4583,20
57.98631,7.60857,13
57.98624,7.60876,19
58.18926,8.34672,89
58.98125,5.92154,7
58.0323,7.10654,7
58.1198,7.04588,4
58.11998,7.04563,4
59.04851,10.0289,6
60.32455,5.15449,8
58.55278,8.96752,26
59.04721,5.40501,3
58.10706,8.05675,4
58.11822,7.04415,4
57.98679,7.64107,60
57.99638,7.42483,16
58.07043,6.84634,2
60.52224,5.26512,36
58.95019,5.93135,67
58.97997,10.12336,4
59.70221,10.53843,1
59.02152,5.98213,5
62.80868,8.24511,5
63.85136,11.25385,16
59.01796,10.03683,6
63.38788,9.48519,9
63.38668,9.47589,9
58.48608,5.7987,9
64.87048,11.69127,26
59.09187,10.84011,13
61.87632,5.15961,2
59.20012,10.57715,10
59.95674,5.96838,17
66.15902,13.83194,5
63.82627,10.64689,3
58.08803,8.10088,16
59.52346,5.46492,4
58.07208,6.91322,2
65.8029,12.71957,4
58.05733,6.82094,32
70.06015,21.60511,24
60.30829,5.18412,7
68.17391,15.71408,13
70.99794,26.12265,8
59.19485,6.00413,8
60.16246,5.68926,45
58.10311,8.05821,8
58.72006,9.24115,12
70.05999,21.60405,24
68.19546,14.4254,47
58.97323,5.85994,7
64.51775,10.94468,34
60.37433,6.2435,24
60.76258,5.03781,48
60.24216,5.29154,2
58.02522,7.35252,1
58.02745,7.34116,4
58.03175,7.32059,4
58.03252,7.32076,4
58.0325,7.32057,4
60.32059,5.15328,1
58.0078,7.5849,1
58.01898,7.4741,1
58.09975,8.01384,12
58.2212,8.38541,25
58.21097,8.39162,3
58.40276,8.76175,8
58.22971,8.38377,1
57.97798,7.54884,2
58.57397,8.98951,1
58.10037,8.01513,12
58.09434,7.0318,15
57.99755,7.44163,31
58.19108,8.34968,10
58.02681,7.3331,52
58.0117,7.34499,12
58.01242,7.34844,12
58.90291,6.00156,55
58.1983,8.37548,330
60.45813,4.9581,2
60.46629,4.9629,2
57.99003,7.49352,1
57.97824,7.54891,2
58.02482,7.22786,7
58.02073,7.47701,366
58.10661,8.11974,1
58.00036,7.42076,11
58.00043,7.42053,11
58.00047,7.42006,11
58.00069,7.41978,11
58.00096,7.41942,11
58.01996,7.4768,4
58.02026,7.47694,4
58.01081,7.3874,8
58.01239,7.34845,12
58.01237,7.34493,12
58.19699,8.37852,2
59.50738,10.64991,2
58.00832,7.49934,4
58.01045,7.38874,8
58.01064,7.38805,8
58.02059,7.47695,119
58.44458,8.77873,3
58.4679,8.80424,1
58.19831,8.37586,6
58.01752,7.72051,5
58.01896,7.72104,5
58.2204,8.38724,2
58.00257,7.5803,5
59.02516,5.66522,1
58.07257,6.98842,7
58.19332,8.36422,10
58.1938,8.36317,12
58.19449,8.36724,13
58.24048,8.38404,3
58.51284,8.94613,10
58.22589,8.39808,2
58.2243,8.39814,2
58.01047,7.38865,8
58.88592,6.10594,1
58.39995,8.78134,6
58.0144,7.00439,59
58.07072,7.00768,36
58.11632,8.07911,3
58.02143,7.36396,4
58.00412,7.4498,8
58.0352,7.10827,7
58.08604,7.99071,7
58.1063,8.12099,1
60.50033,4.93846,1
58.00545,7.44087,6
58.02136,7.45848,5
58.02248,7.45742,5
58.93754,5.75736,5
58.12049,7.04836,2
58.11748,8.08009,1
58.58841,9.07726,29
59.04876,10.02969,3
58.42805,8.78928,6
58.20147,8.37719,4
58.20111,8.37749,4
58.21941,8.38806,12
58.98074,5.74219,32
58.44465,8.77863,3
58.01158,7.45992,10
58.00127,7.42113,15
58.99977,5.67728,6
59.91969,5.28086,2
58.10278,8.01405,1
58.07964,8.03358,1
58.33953,8.60356,1
58.07832,8.01281,1
58.44569,8.7786,1
58.11024,8.16636,1
58.11559,7.9864,1
58.3151,8.62017,1
58.11487,7.98941,1
58.10344,8.01323,1
58.07158,8.02901,1
60.47221,5.07348,1
60.46546,5.04469,1
58.11476,7.99085,1
58.07323,8.02409,1
58.09369,6.81295,1
58.11544,7.98629,1
58.09272,6.81155,1
58.09228,6.8124,1
60.42008,5.1198,1
58.4271,8.75238,1
58.06836,8.03397,1
58.06629,8.02848,1
58.09242,6.81235,1
58.09384,6.81467,1
58.09371,6.81149,1
58.07138,8.03013,1
58.11535,7.98621,1
58.0749,8.03255,1
58.51974,8.93298,1
58.09287,6.81126,1
58.07471,8.03297,1
58.51986,8.93277,1
58.22088,8.38659,1
58.09377,6.81386,1
58.07974,8.03311,1
60.46014,5.04207,1
60.26282,5.18172,1
58.10361,8.01279,1
58.05485,7.85382,1
58.10364,8.0159,1
58.10331,8.01504,1
58.082,8.03494,1
58.08161,8.03466,1
58.08269,8.03532,1
58.08292,8.03524,1
59.00288,5.78096,1
58.0817,8.03342,1
58.08602,8.03392,1
58.99991,5.7794,1
59.0008,5.77864,1
59.00154,5.77857,1
59.42505,5.23881,1
58.05564,7.8561,1
58.14125,8.0717,1
58.08494,8.03643,1
59.40893,5.24242,1
58.33909,8.62327,1
58.11349,8.0004,1
58.11276,8.00716,1
58.11331,8.00527,1
58.08431,7.98462,1
62.70923,6.66025,18
62.67673,6.75996,4
60.00649,5.3941,4
59.56145,5.2727,6
58.22945,8.357,1
60.18126,5.73252,2
58.43307,8.78944,6
58.10608,7.98785,63
58.07003,6.88992,3
58.04913,7.70756,1
58.07119,6.89303,3
58.07475,8.04331,2
58.1059,7.98643,63
60.4531,5.07592,3
58.06408,8.01052,7
58.30289,8.55742,2
58.09628,6.80786,2
58.07879,8.00871,26
58.07864,8.00832,26
58.07868,8.0076,26
58.07927,8.00686,26
58.07591,8.00723,26
58.06292,8.00702,7
58.40145,8.75045,6
58.10177,6.80222,3
58.10219,6.80439,3
58.09585,6.81309,2
58.10048,6.80634,3
58.05366,7.73723,27
58.05533,7.73533,27
58.47083,8.82481,4
58.10065,6.80608,3
58.0788,7.96803,19
58.51031,8.93363,9
58.43377,8.78665,6
58.00873,7.55091,3
58.00917,7.55067,3
58.00903,7.55181,3
58.50991,8.92551,5
58.03064,7.24173,5
58.10553,7.9886,63
58.06344,7.82224,4
58.07162,6.89034,3
58.51089,8.93449,9
58.51151,8.9347,9
58.03047,7.24275,5
58.07929,7.9872,18
58.03065,7.23851,5
58.06298,7.82527,4
58.06341,7.82301,4
58.03067,7.23983,5
57.99135,7.62039,3
58.0496,7.7081,1
58.06276,7.82145,4
58.51009,8.93039,3
58.39956,8.75132,6
58.3982,8.75164,6
58.47119,8.82649,4
58.10572,7.98695,63
58.09617,8.0357,8
58.13821,8.06898,1
58.07819,7.98842,18
58.04851,7.75406,26
58.51036,8.92829,3
58.51009,8.93203,3
58.10407,7.99132,63
58.10671,7.99307,63
58.10513,7.99159,63
58.07869,8.00876,26
58.07867,8.00819,26
58.0788,8.00919,26
58.07926,8.0077,26
58.07924,8.00729,26
58.0792,8.00665,26
58.07786,8.00657,26
58.1083,8.10151,1
58.34025,8.598,29
58.07883,8.00892,26
58.07496,8.00792,26
58.07628,8.0076,26
58.10643,7.99342,63
58.07895,8.00794,26
58.07878,8.00845,26
58.07889,8.0095,26
58.07941,8.10631,1
58.08012,8.1035,1
58.07964,8.10391,1
58.47137,8.82556,4
58.08743,7.97583,26
58.04587,7.81399,88
58.08696,7.97536,26
59.47166,5.23128,1
60.45836,5.03178,1
58.13942,8.06945,1
58.04731,7.75291,26
58.26175,6.65981,4
58.04766,7.75151,26
58.1023,6.80599,3
59.42046,5.25422,1
58.05618,7.848,2
58.07994,7.97041,19
58.101,6.80639,3
58.434,8.78587,27
58.51113,8.93382,9
58.10711,7.98954,63
58.07824,7.98902,18
58.05896,7.84699,2
58.50878,8.89881,3
58.06064,7.84802,2
58.11022,8.10032,1
58.11005,8.09912,1
58.08625,7.97423,20
58.10095,6.80623,3
58.06312,7.82418,4
57.98462,7.49617,12
60.48218,4.96283,20
60.48178,4.97319,20
58.06168,7.82202,4
58.05421,7.73631,27
58.05563,7.73492,27
58.42656,8.77356,9
58.05988,7.84739,2
58.05512,7.85092,2
58.06,7.84755,2
58.06046,7.80137,12
58.05797,7.80363,12
58.06099,7.8024,12
58.06106,7.804,12
58.05926,7.80425,12
60.26064,5.19273,74
58.13951,8.07146,1
59.50284,10.34718,2
58.07486,8.01883,7
58.07555,8.01381,7
58.07798,8.01178,7
58.95635,5.85862,3
58.08603,7.99124,2
65.9858,12.83345,6
67.30068,14.70826,9
60.21281,5.35386,20
59.05114,5.67693,2
58.07366,7.98374,1
58.07366,7.98416,1
58.11015,7.98846,2
59.34587,6.09985,2
58.07507,8.0174,7
58.07396,8.01992,7
58.07593,8.01243,7
58.07426,8.02061,7
60.16565,5.37463,12
58.00081,7.29687,6
69.85381,20.9362,9
58.07225,7.98412,3
65.90638,12.32729,1
58.37309,8.67616,3
58.1044,8.01241,1
59.05122,5.67688,2
59.05128,5.67739,2
58.07389,7.98769,1
60.27848,5.08302,60
60.45233,5.08048,19
58.98482,5.76008,4
60.4343,5.45785,18
60.43423,5.45771,18
58.98184,5.73427,2
58.07493,8.01578,7
58.07516,8.01666,7
58.07697,8.0117,7
58.07616,8.01185,7
58.0745,8.02185,7
58.07443,8.01832,7
58.0762,8.01125,7
58.07391,8.0211,7
58.07511,8.01857,7
60.42331,5.2951,1
58.5121,8.92435,3
58.51212,8.92393,3
58.08545,7.99079,1
58.0851,7.99209,1
58.00478,7.58115,32
58.98093,5.73094,2
58.06875,7.86142,3
58.07512,8.01772,7
58.14111,8.0694,14
60.38945,4.94576,2
58.02359,7.30639,2
59.86712,5.62064,26
58.00077,7.29706,6
58.08088,7.97955,50
58.08135,7.98655,50
58.07267,8.02964,1
58.10341,8.01693,1
58.07184,8.03169,1
58.95329,5.84992,3
58.09095,8.0235,1
58.08908,8.03113,1
58.09366,8.02421,1
63.08782,7.66786,1
58.09118,8.02788,1
58.08973,8.02612,1
58.09171,8.02821,1
58.09075,8.02405,1
60.43261,5.07222,2
59.02418,9.78444,2
59.42532,5.24,1
58.04396,7.79952,5
59.67641,10.58402,2
58.04415,7.80077,5
58.0777,7.9583,1
58.06328,6.86839,1
60.43227,5.08473,2
60.43163,5.0848,2
58.12743,8.03987,10
58.12682,8.04413,5
58.12589,8.04046,15
63.08645,7.59939,1
59.32176,5.97914,1
68.20599,15.03153,1
61.88951,5.34249,1
58.42193,8.79338,1
58.42195,8.79319,1
58.42286,8.79017,1
62.34621,5.63201,1
62.45047,5.92116,2
64.56311,10.94012,1
58.08671,6.81962,3
58.08789,6.79978,3
57.99547,7.49475,4
57.98945,7.49575,25
60.21735,5.34564,3
57.97709,7.49828,3
58.00463,7.4967,7
60.8297,4.89016,5
57.99116,7.37265,1
57.9976,7.44393,4
58.02242,7.3216,24
58.00044,7.42016,11
58.01076,7.38756,8
61.01511,5.0351,7
58.0038,7.43943,6
58.00729,7.42087,11
58.10717,8.05716,4
60.45852,4.95771,4
58.29489,8.55971,6
58.12915,8.04027,5
58.12865,8.04027,5
58.13037,8.03947,2
58.04477,7.79743,5
58.09412,8.09339,1
58.09198,8.09318,1
58.42275,8.79057,1
58.08619,8.02995,1
58.12797,8.0401,5
58.12978,8.04082,2
58.044,7.79682,5
58.09592,8.09278,1
59.02411,9.78436,1
59.02419,9.78427,1
59.02418,9.78529,1
63.4313,9.09026,1
58.0095,7.4984,3
58.00941,7.49746,3
58.13181,8.04229,2
58.42101,8.79521,1
58.10657,8.11924,1
58.10626,8.12058,1
58.10611,8.12036,1
58.1055,8.12469,1
58.09008,8.09211,1
58.09334,8.09339,1
58.09264,8.09339,1
60.14914,5.3059,4
58.09504,8.09339,1
59.02406,9.78456,1
57.98752,7.56623,4
58.00923,7.49865,3
58.01019,7.49682,3
58.01079,7.4974,3
58.0433,7.79587,5
58.42006,8.79728,1
58.0446,7.71605,1
58.08931,8.02338,1
58.08154,7.96252,1
58.08152,7.96175,1
58.09315,8.09395,1
60.43168,5.08525,2
58.32039,8.58066,1
58.31998,8.58041,1
58.24705,8.38078,2
58.12818,8.04429,10
58.12681,8.04426,5
58.13021,8.03972,2
58.1065,8.11899,1
58.54458,8.99312,1
57.99503,7.56811,1
57.99704,7.56947,1
58.02935,7.32173,1
63.72953,9.58873,4
58.00075,7.41051,2
58.07687,6.82948,2
58.00937,7.47484,2
58.20463,6.58236,10
58.00275,7.50346,1
58.00302,7.50396,1
58.03089,7.3203,1
58.05273,6.80313,1
58.0605,6.82771,1
69.96572,18.12408,2
62.51435,6.1549,1
58.14504,8.03827,3
63.49437,7.95014,1
57.99966,7.38555,3
57.99366,7.34545,3
58.95656,5.85481,1
58.19345,8.3647,2
59.01776,5.7878,2
60.43009,5.5388,2
58.1937,8.36332,2
58.08242,7.96564,3
58.08277,7.963,3
62.52433,5.375199,1
63.290867,5.297867,1
66.398333,12.6535,1
66.605843,13.072604,1
67.802833,14.329333,1
68.142,14.026167,1
68.10075,14.459233,1
68.719483,17.0519,1
70.111083,21.10545,1
70.123333,21.20135,1
70.18115,21.117983,1
70.1839,21.111883,1
70.0811,21.062567,1
70.46295,21.531467,1
70.391783,21.779283,1
70.370767,21.857717,1
70.37,21.863483,1
70.465833,21.9754,1
70.367533,21.869367,1
71.122183,26.166667,1
71.06725,26.304167,1
71.066786,26.318021,1
71.055,26.2975,1
70.9525,26.021683,1
71.094167,27.186167,1
71.197667,26.690167,1
70.059017,29.623217,1
70.382317,31.438667,1
70.781633,29.964133,1
70.77435,28.253717,1
70.969717,26.186267,1
70.756083,23.757267,1
70.364483,21.897983,1
70.38765,21.819133,1
70.608867,21.544333,1
70.676883,21.7008,1
70.699167,21.798117,1
70.114617,21.38415,1
70.046767,20.1327,1
69.979883,16.7725,1
70.597167,17.160167,1
69.68,15.899667,1
69.695,15.901667,1
69.427017,15.769167,1
69.414,15.701167,1
69.358667,15.864333,1
69.346398,15.825384,1
69.333844,15.791331,1
69.330934,15.763296,1
69.339278,15.806306,1
69.330317,15.774016,1
69.238,14.819833,1
69.146512,14.264244,1
68.720333,12.578833,1
68.640167,12.112167,1
68.646579,12.127924,1
68.644233,12.036733,1
68.539333,11.57,1
68.523705,11.564046,1
67.542,9.338833,1
67.3935,8.9905,1
67.545801,9.341446,1
67.547761,9.353928,1
67.333539,8.78431,1
